Category,Sub-Category,Product Name
Furniture,Bookcases,Bush Somerset Collection Bookcase
Furniture,Chairs,"Hon Deluxe Fabric Upholstered Stacking Chairs, Rounded Back"
Office Supplies,Labels,Self-Adhesive Address Labels for Typewriters by Universal
Furniture,Tables,Bretford CR4500 Series Slim Rectangular Table
Office Supplies,Storage,Eldon Fold 'N Roll Cart System
Furniture,Furnishings,"Eldon Expressions Wood and Plastic Desk Accessories, Cherry Wood"
Office Supplies,Art,Newell 322
Technology,Phones,Mitel 5320 IP Phone VoIP phone
Office Supplies,Binders,DXL Angle-View Binders with Locking Rings by Samsill
Office Supplies,Appliances,Belkin F5C206VTEL 6 Outlet Surge
Furniture,Tables,Chromcraft Rectangular Conference Tables
Technology,Phones,Konftel 250 Conference phone - Charcoal black
Office Supplies,Paper,Xerox 1967
Office Supplies,Binders,Fellowes PB200 Plastic Comb Binding Machine
Office Supplies,Appliances,"Holmes Replacement Filter for HEPA Air Cleaner, Very Large Room, HEPA Filter"
Office Supplies,Binders,Storex DuraTech Recycled Plastic Frosted Binders
Office Supplies,Storage,"Stur-D-Stor Shelving, Vertical 5-Shelf: 72""H x 36""W x 18 1/2""D"
Office Supplies,Storage,Fellowes Super Stor/Drawer
Office Supplies,Art,Newell 341
Technology,Phones,Cisco SPA 501G IP Phone
Office Supplies,Binders,"Wilson Jones Hanging View Binder, White, 1"""
Office Supplies,Art,Newell 318
Office Supplies,Appliances,"Acco Six-Outlet Power Strip, 4' Cord Length"
Furniture,Chairs,"Global Deluxe Stacking Chair, Gray"
Office Supplies,Binders,Wilson Jones Active Use Binders
Technology,Accessories,Imation 8GB Mini TravelDrive USB 2.0 Flash Drive
Furniture,Bookcases,"Riverside Palais Royal Lawyers Bookcase, Royale Cherry Finish"
Office Supplies,Binders,Avery Recycled Flexi-View Covers for Binding Systems
Furniture,Furnishings,"Howard Miller 13-3/4"" Diameter Brushed Chrome Round Wall Clock"
Office Supplies,Envelopes,Poly String Tie Envelopes
Office Supplies,Art,"BOSTON Model 1800 Electric Pencil Sharpeners, Putty/Woodgrain"
Office Supplies,Binders,"Acco Pressboard Covers with Storage Hooks, 14 7/8"" x 11"", Executive Red"
Office Supplies,Art,Lumber Crayons
Office Supplies,Paper,Easy-staple paper
Technology,Phones,GE 30524EE4
Furniture,Furnishings,"Electrix Architect's Clamp-On Swing Arm Lamp, Black"
Office Supplies,Envelopes,"#10-4 1/8"" x 9 1/2"" Premium Diagonal Seam Envelopes"
Furniture,Bookcases,"Atlantic Metals Mobile 3-Shelf Bookcases, Custom Colors"
Furniture,Chairs,"Global Fabric Manager's Chair, Dark Gray"
Technology,Phones,Plantronics HL10 Handset Lifter
Technology,Phones,Panasonic Kx-TS550
Office Supplies,Storage,"Eldon Base for stackable storage shelf, platinum"
Office Supplies,Storage,"Advantus 10-Drawer Portable Organizer, Chrome Metal Frame, Smoke Drawers"
Technology,Accessories,"Verbatim 25 GB 6x Blu-ray Single Layer Recordable Disc, 25/Pack"
Office Supplies,Binders,Wilson Jones Leather-Like Binders with DublLock Round Rings
Office Supplies,Storage,"Gould Plastics 9-Pocket Panel Bin, 18-3/8w x 5-1/4d x 20-1/2h, Black"
Technology,Accessories,Imation 8gb Micro Traveldrive Usb 2.0 Flash Drive
Technology,Phones,"LF Elite 3D Dazzle Designer Hard Case Cover, Lf Stylus Pen and Wiper For Apple Iphone 5c Mini Lite"
Office Supplies,Binders,"C-Line Peel & Stick Add-On Filing Pockets, 8-3/4 x 5-1/8, 10/Pack"
Office Supplies,Labels,Avery 485
Furniture,Furnishings,Longer-Life Soft White Bulbs
Furniture,Chairs,"Global Leather Task Chair, Black"
Office Supplies,Fasteners,Advantus Push Pins
Technology,Phones,AT&T CL83451 4-Handset Telephone
Office Supplies,Storage,Home/Office Personal File Carts
Office Supplies,Paper,Xerox 232
Furniture,Chairs,Novimex Turbo Task Chair
Office Supplies,Paper,"Array Parchment Paper, Assorted Colors"
Office Supplies,Binders,Plastic Binding Combs
Office Supplies,Art,Prang Dustless Chalk Sticks
Technology,Accessories,"Verbatim 25 GB 6x Blu-ray Single Layer Recordable Disc, 3/Pack"
Office Supplies,Binders,"Acco PRESSTEX Data Binder with Storage Hooks, Dark Blue, 14 7/8"" X 11"""
Office Supplies,Paper,Xerox 1943
Furniture,Furnishings,Luxo Economy Swing Arm Lamp
Furniture,Chairs,"Global Value Mid-Back Manager's Chair, Gray"
Office Supplies,Art,"Hunt BOSTON Model 1606 High-Volume Electric Pencil Sharpener, Beige"
Technology,Phones,netTALK DUO VoIP Telephone Service
Office Supplies,Paper,"Snap-A-Way Black Print Carbonless Ruled Speed Letter, Triplicate"
Office Supplies,Binders,Avery Binding System Hidden Tab Executive Style Index Sets
Office Supplies,Paper,"Telephone Message Books with Fax/Mobile Section, 5 1/2"" x 3 3/16"""
Furniture,Chairs,High-Back Leather Manager's Chair
Furniture,Furnishings,"Tenex Traditional Chairmats for Medium Pile Carpet, Standard Lip, 36"" x 48"""
Office Supplies,Storage,Safco Industrial Wire Shelving System
Office Supplies,Binders,Economy Binders
Furniture,Furnishings,"6"" Cubicle Wall Clock, Black"
Office Supplies,Storage,"SimpliFile Personal File, Black Granite, 15w x 6-15/16d x 11-1/4h"
Furniture,Furnishings,"Eldon Expressions Desk Accessory, Wood Pencil Holder, Oak"
Office Supplies,Appliances,"1.7 Cubic Foot Compact ""Cube"" Office Refrigerators"
Office Supplies,Binders,Avery Heavy-Duty EZD  Binder With Locking Rings
Office Supplies,Art,"Premium Writing Pencils, Soft, #2 by Central Association for the Blind"
Office Supplies,Storage,"Sortfiler Multipurpose Personal File Organizer, Black"
Office Supplies,Envelopes,Jet-Pak Recycled Peel 'N' Seal Padded Mailers
Office Supplies,Storage,Safco Industrial Wire Shelving
Furniture,Chairs,Novimex Swivel Fabric Task Chair
Technology,Accessories,Logitech LS21 Speaker System - PC Multimedia - 2.1-CH - Wired
Office Supplies,Labels,Avery 511
Office Supplies,Storage,Eldon Portable Mobile Manager
Office Supplies,Art,Turquoise Lead Holder with Pocket Clip
Office Supplies,Paper,Xerox 1995
Office Supplies,Paper,Xerox 1999
Furniture,Furnishings,"Seth Thomas 13 1/2"" Wall Clock"
Office Supplies,Binders,Ibico Standard Transparent Covers
Office Supplies,Binders,Flexible Leather- Look Classic Collection Ring Binder
Furniture,Furnishings,9-3/4 Diameter Round Wall Clock
Office Supplies,Binders,Trimflex Flexible Post Binders
Office Supplies,Appliances,Fellowes Basic Home/Office Series Surge Protectors
Office Supplies,Paper,Avery Personal Creations Heavyweight Cards
Technology,Accessories,SanDisk Ultra 64 GB MicroSDHC Class 10 Memory Card
Office Supplies,Binders,Avery Hidden Tab Dividers for Binding Systems
Office Supplies,Paper,Universal Premium White Copier/Laser Paper (20Lb. and 87 Bright)
Technology,Accessories,Logitech K350 2.4Ghz Wireless Keyboard
Furniture,Furnishings,"Deflect-o DuraMat Lighweight, Studded, Beveled Mat for Low Pile Carpeting"
Office Supplies,Binders,"Avery Trapezoid Ring Binder, 3"" Capacity, Black, 1040 sheets"
Technology,Accessories,Memorex Mini Travel Drive 8 GB USB 2.0 Flash Drive
Technology,Phones,Speck Products Candyshell Flip Case
Office Supplies,Art,Newell Chalk Holder
Technology,Accessories,Logitech Gaming G510s - Keyboard
Furniture,Furnishings,Magnifier Swing Arm Lamp
Office Supplies,Art,"Hunt PowerHouse Electric Pencil Sharpener, Blue"
Office Supplies,Binders,"Avery Durable Plastic 1"" Binders"
Office Supplies,Fasteners,"OIC Colored Binder Clips, Assorted Sizes"
Office Supplies,Envelopes,"Redi-Strip #10 Envelopes, 4 1/8 x 9 1/2"
Office Supplies,Paper,Xerox 1921
Office Supplies,Envelopes,"Tyvek  Top-Opening Peel & Seel Envelopes, Plain White"
Furniture,Tables,Hon Racetrack Conference Tables
Office Supplies,Binders,GBC DocuBind 300 Electric Binding Machine
Furniture,Furnishings,Artistic Insta-Plaque
Office Supplies,Storage,"Companion Letter/Legal File, Black"
Office Supplies,Envelopes,Globe Weis Peel & Seel First Class Envelopes
Technology,Phones,KLD Oscar II Style Snap-on Ultra Thin Side Flip Synthetic Leather Cover Case for HTC One HTC M7
Furniture,Chairs,Global Deluxe High-Back Manager's Chair
Furniture,Tables,Bevis 44 x 96 Conference Tables
Office Supplies,Binders,"Avery Durable Slant Ring Binders, No Labels"
Office Supplies,Storage,"Trav-L-File Heavy-Duty Shuttle II, Black"
Furniture,Chairs,"Global Task Chair, Black"
Furniture,Furnishings,Eldon Cleatmat Plus Chair Mats for High Pile Carpets
Technology,Phones,Anker 36W 4-Port USB Wall Charger Travel Power Adapter for iPhone 5s 5c 5
Office Supplies,Paper,Xerox 1916
Office Supplies,Fasteners,Staples
Office Supplies,Paper,Xerox 195
Office Supplies,Paper,Xerox 1880
Office Supplies,Art,"Sanford Colorific Colored Pencils, 12/Box"
Office Supplies,Fasteners,Ideal Clamps
Office Supplies,Binders,GBC Wire Binding Strips
Office Supplies,Supplies,Fiskars Softgrip Scissors
Office Supplies,Art,Newell 343
Office Supplies,Envelopes,Convenience Packs of Business Envelopes
Office Supplies,Paper,Xerox 1911
Office Supplies,Appliances,Sanyo 2.5 Cubic Foot Mid-Size Office Refrigerators
Furniture,Furnishings,"Seth Thomas 14"" Putty-Colored Wall Clock"
Technology,Phones,Plantronics Cordless Phone Headset with In-line Volume - M214C
Technology,Phones,Anker Astro 15000mAh USB Portable Charger
Office Supplies,Binders,GBC Prestige Therm-A-Bind Covers
Office Supplies,Appliances,Belkin 7 Outlet SurgeMaster Surge Protector with Phone Protection
Technology,Phones,Jabra BIZ 2300 Duo QD Duo Corded Headset
Office Supplies,Paper,Southworth 25% Cotton Antique Laid Paper & Envelopes
Office Supplies,Paper,Xerox 1883
Office Supplies,Storage,"Tenex Personal Project File with Scoop Front Design, Black"
Office Supplies,Art,Newell 311
Office Supplies,Labels,Avery 519
Technology,Phones,Avaya 5420 Digital phone
Office Supplies,Paper,Xerox 1920
Technology,Accessories,Lenovo 17-Key USB Numeric Keypad
Office Supplies,Envelopes,Staple envelope
Office Supplies,Binders,Wilson Jones International Size A4 Ring Binders
Office Supplies,Art,BIC Brite Liner Highlighters
Technology,Machines,Lexmark MX611dhe Monochrome Laser Printer
Office Supplies,Storage,Space Solutions HD Industrial Steel Shelving.
Furniture,Chairs,SAFCO Arco Folding Chair
Office Supplies,Art,Sanford Liquid Accent Highlighters
Office Supplies,Appliances,Kensington 7 Outlet MasterPiece Power Center
Technology,Phones,JBL Micro Wireless Portable Bluetooth Speaker
Office Supplies,Paper,"Adams Phone Message Book, Professional, 400 Message Capacity, 5 3/6” x 11”"
Office Supplies,Paper,Xerox 1913
Furniture,Chairs,"Global Value Steno Chair, Gray"
Office Supplies,Appliances,Kensington 7 Outlet MasterPiece HOMEOFFICE Power Control Center
Office Supplies,Labels,Avery 51
Office Supplies,Appliances,"Acco 7-Outlet Masterpiece Power Center, Wihtout Fax/Phone Line Protection"
Furniture,Chairs,"Padded Folding Chairs, Black, 4/Carton"
Office Supplies,Supplies,Acme Rosewood Handle Letter Opener
Office Supplies,Art,"Sanford Colorific Eraseable Coloring Pencils, 12 Count"
Office Supplies,Storage,"Tenex File Box, Personal Filing Tote with Lid, Black"
Technology,Accessories,Imation Secure+ Hardware Encrypted USB 2.0 Flash Drive; 16GB
Technology,Phones,AT&T TR1909W
Technology,Phones,Nokia Lumia 521 (T-Mobile)
Technology,Accessories,HP Standard 104 key PS/2 Keyboard
Office Supplies,Binders,Avery Poly Binder Pockets
Technology,Accessories,SanDisk Ultra 32 GB MicroSDHC Class 10 Memory Card
Office Supplies,Storage,"Personal Filing Tote with Lid, Black/Gray"
Furniture,Bookcases,"Atlantic Metals Mobile 4-Shelf Bookcases, Custom Colors"
Technology,Phones,I Need's 3d Hello Kitty Hybrid Silicone Case Cover for HTC One X 4g with 3d Hello Kitty Stylus Pen Green/pink
Office Supplies,Paper,Xerox 205
Office Supplies,Art,4009 Highlighters by Sanford
Office Supplies,Art,"Binney & Smith Crayola Metallic Colored Pencils, 8-Color Set"
Office Supplies,Art,"Binney & Smith inkTank Erasable Desk Highlighter, Chisel Tip, Yellow, 12/Box"
Office Supplies,Storage,Decoflex Hanging Personal Folder File
Office Supplies,Binders,"Pressboard Covers with Storage Hooks, 9 1/2"" x 11"", Light Blue"
Office Supplies,Paper,"Wirebound Message Books, 5-1/2 x 4 Forms, 2 or 4 Forms per Page"
Office Supplies,Paper,Southworth 25% Cotton Linen-Finish Paper & Envelopes
Furniture,Tables,BoxOffice By Design Rectangular and Half-Moon Meeting Room Tables
Office Supplies,Appliances,"Bravo II Megaboss 12-Amp Hard Body Upright, Replacement Belts, 2 Belts per Pack"
Office Supplies,Appliances,Eureka Sanitaire  Commercial Upright
Furniture,Furnishings,"Eldon 200 Class Desk Accessories, Burgundy"
Technology,Phones,Nortel Business Series Terminal T7208 Digital phone
Office Supplies,Storage,"Tennsco Lockers, Gray"
Technology,Phones,Panasonic KX-TG6844B Expandable Digital Cordless Telephone
Office Supplies,Fasteners,"Advantus Push Pins, Aluminum Head"
Office Supplies,Storage,"Gould Plastics 18-Pocket Panel Bin, 34w x 5-1/4d x 20-1/2h"
Technology,Accessories,Memorex Micro Travel Drive 8 GB
Office Supplies,Labels,Avery 505
Furniture,Bookcases,O'Sullivan 2-Door Barrister Bookcase in Odessa Pine
Technology,Machines,Cisco 9971 IP Video Phone Charcoal
Technology,Accessories,Sony Micro Vault Click 16 GB USB 2.0 Flash Drive
Technology,Phones,Adtran 1202752G1
Office Supplies,Fasteners,OIC Bulk Pack Metal Binder Clips
Office Supplies,Paper,"While You Were Out Pads, 50 per Pad, 4 x 5 1/4, Green Cycle"
Furniture,Furnishings,"Executive Impressions 14"" Two-Color Numerals Wall Clock"
Technology,Machines,Swingline SM12-08 MicroCut Jam Free Shredder
Office Supplies,Art,Stanley Bostitch Contemporary Electric Pencil Sharpeners
Office Supplies,Art,"Sanford Uni-Blazer View Highlighters, Chisel Tip, Yellow"
Furniture,Tables,Bevis 36 x 72 Conference Tables
Office Supplies,Storage,Rogers Deluxe File Chest
Furniture,Chairs,Global Low Back Tilter Chair
Furniture,Chairs,"Global Push Button Manager's Chair, Indigo"
Office Supplies,Binders,GBC Instant Index System for Binding Systems
Furniture,Tables,Bush Advantage Collection Round Conference Table
Furniture,Tables,Bretford Rectangular Conference Table Tops
Furniture,Furnishings,"Tenex Contemporary Contur Chairmats for Low and Medium Pile Carpet, Computer, 39"" x 49"""
Technology,Accessories,Logitech P710e Mobile Speakerphone
Office Supplies,Paper,Xerox 4200 Series MultiUse Premium Copy Paper (20Lb. and 84 Bright)
Office Supplies,Paper,Xerox 1957
Furniture,Furnishings,Luxo Professional Fluorescent Magnifier Lamp with Clamp-Mount Base
Furniture,Furnishings,Staple-based wall hangings
Technology,Phones,PureGear Roll-On Screen Protector
Furniture,Tables,KI Conference Tables
Furniture,Furnishings,Eldon 100 Class Desk Accessories
Office Supplies,Storage,Safco Steel Mobile File Cart
Office Supplies,Paper,"Adams Telephone Message Book w/Frequently-Called Numbers Space, 400 Messages per Book"
Office Supplies,Appliances,Honeywell Enviracaire Portable HEPA Air Cleaner for 17' x 22' Room
Furniture,Chairs,"Global Leather Highback Executive Chair with Pneumatic Height Adjustment, Black"
Office Supplies,Paper,"Wirebound Message Books, Two 4 1/4"" x 5"" Forms per Page"
Office Supplies,Storage,"Fellowes Personal Hanging Folder Files, Navy"
Office Supplies,Envelopes,Tyvek Side-Opening Peel & Seel Expanding Envelopes
Office Supplies,Storage,"Belkin 19"" Vented Equipment Shelf, Black"
Technology,Phones,Logitech Mobile Speakerphone P710e - speaker phone
Technology,Accessories,Sabrent 4-Port USB 2.0 Hub
Office Supplies,Storage,Safco Industrial Shelving
Office Supplies,Binders,Acco 3-Hole Punch
Office Supplies,Appliances,Eureka Disposable Bags for Sanitaire Vibra Groomer I Upright Vac
Technology,Machines,Xerox WorkCentre 6505DN Laser Multifunction Printer
Technology,Phones,Cisco Small Business SPA 502G VoIP phone
Technology,Accessories,Microsoft Sculpt Comfort Mouse
Office Supplies,Art,"Quartet Omega Colored Chalk, 12/Pack"
Office Supplies,Fasteners,Bagged Rubber Bands
Office Supplies,Storage,Safco Commercial Shelving
Office Supplies,Envelopes,"Recycled Interoffice Envelopes with String and Button Closure, 10 x 13"
Office Supplies,Storage,Adjustable Depth Letter/Legal Cart
Technology,Accessories,Logitech 910-002974 M325 Wireless Mouse for Web Scrolling
Furniture,Furnishings,Regeneration Desk Collection
Office Supplies,Binders,Presstex Flexible Ring Binders
Office Supplies,Paper,"Ampad Gold Fibre Wirebound Steno Books, 6"" x 9"", Gregg Ruled"
Office Supplies,Art,Newell 330
Office Supplies,Paper,"Post-it “Important Message” Note Pad, Neon Colors, 50 Sheets/Pad"
Office Supplies,Paper,"Adams Write n' Stick Phone Message Book, 11"" X 5 1/4"", 200 Messages"
Office Supplies,Storage,Eldon Simplefile Box Office
Office Supplies,Labels,Avery 489
Office Supplies,Binders,Round Ring Binders
Technology,Phones,Bose SoundLink Bluetooth Speaker
Furniture,Tables,"Bevis Round Bullnose 29"" High Table Top"
Technology,Accessories,Microsoft Arc Touch Mouse
Office Supplies,Paper,Xerox 216
Office Supplies,Binders,GBC VeloBinder Electric Binding Machine
Office Supplies,Supplies,Premier Automatic Letter Opener
Office Supplies,Fasteners,Advantus SlideClip Paper Clips
Office Supplies,Labels,Avery 512
Technology,Accessories,Logitech Wireless Gaming Headset G930
Furniture,Bookcases,"Bush Westfield Collection Bookcases, Medium Cherry Finish"
Furniture,Furnishings,"Howard Miller 13"" Diameter Goldtone Round Wall Clock"
Furniture,Chairs,Global Deluxe Office Fabric Chairs
Furniture,Furnishings,Eldon ClusterMat Chair Mat with Cordless Antistatic Protection
Office Supplies,Binders,Ibico Laser Imprintable Binding System Covers
Office Supplies,Fasteners,"Vinyl Coated Wire Paper Clips in Organizer Box, 800/Box"
Office Supplies,Paper,Xerox 223
Office Supplies,Storage,"Tennsco Stur-D-Stor Boltless Shelving, 5 Shelves, 24"" Deep, Sand"
Office Supplies,Paper,Xerox 1939
Furniture,Furnishings,"Floodlight Indoor Halogen Bulbs, 1 Bulb per Pack, 60 Watts"
Office Supplies,Binders,Avery Premier Heavy-Duty Binder with Round Locking Rings
Furniture,Tables,BPI Conference Tables
Furniture,Furnishings,Electrix 20W Halogen Replacement Bulb for Zoom-In Desk Lamp
Office Supplies,Art,Newell 350
Office Supplies,Binders,"GBC Clear Cover, 8-1/2 x 11, unpunched, 25 covers per pack"
Office Supplies,Art,Boston Heavy-Duty Trimline Electric Pencil Sharpeners
Office Supplies,Art,Faber Castell Col-Erase Pencils
Furniture,Furnishings,C-Line Cubicle Keepers Polyproplyene Holder With Velcro Backings
Furniture,Chairs,Hon 4070 Series Pagoda Armless Upholstered Stacking Chairs
Furniture,Furnishings,"Eldon Expressions Desk Accessory, Wood Photo Frame, Mahogany"
Office Supplies,Labels,Avery 509
Furniture,Furnishings,"Deflect-o SuperTray Unbreakable Stackable Tray, Letter, Black"
Technology,Phones,AT&T 1070 Corded Phone
Office Supplies,Paper,Xerox 21
Office Supplies,Art,"Boston School Pro Electric Pencil Sharpener, 1670"
Furniture,Chairs,DMI Arturo Collection Mission-style Design Wood Chair
Technology,Machines,Canon imageCLASS MF7460 Monochrome Digital Laser Multifunction Copier
Technology,Accessories,NETGEAR N750 Dual Band Wi-Fi Gigabit Router
Office Supplies,Fasteners,OIC Binder Clips
Technology,Accessories,Logitech Wireless Headset h800
Furniture,Furnishings,Telescoping Adjustable Floor Lamp
Technology,Phones,Aastra 57i VoIP phone
Office Supplies,Storage,"File Shuttle II and Handi-File, Black"
Furniture,Chairs,Hon 2090 “Pillow Soft” Series Mid Back Swivel/Tilt Chairs
Office Supplies,Labels,Round Specialty Laser Printer Labels
Office Supplies,Binders,GBC Premium Transparent Covers with Diagonal Lined Pattern
Technology,Phones,AT&T 841000 Phone
Office Supplies,Binders,Ibico Recycled Grain-Textured Covers
Office Supplies,Binders,Wilson Jones Custom Binder Spines & Labels
Office Supplies,Binders,Storex Dura Pro Binders
Technology,Copiers,Hewlett Packard LaserJet 3310 Copier
Office Supplies,Binders,Avery Non-Stick Binders
Office Supplies,Binders,Tuff Stuff Recycled Round Ring Binders
Furniture,Tables,Hon 5100 Series Wood Tables
Office Supplies,Fasteners,"OIC Binder Clips, Mini, 1/4"" Capacity, Black"
Office Supplies,Art,Newell 314
Technology,Phones,"Square Credit Card Reader, 4 1/2"" x 4 1/2"" x 1"", White"
Office Supplies,Art,"BIC Brite Liner Highlighters, Chisel Tip"
Office Supplies,Paper,Xerox 1881
Office Supplies,Binders,Acco Hanging Data Binders
Office Supplies,Binders,GBC DocuBind P400 Electric Binding System
Furniture,Bookcases,Sauder Barrister Bookcases
Office Supplies,Envelopes,"#10 Gummed Flap White Envelopes, 100/Box"
Office Supplies,Art,"Dixon Prang Watercolor Pencils, 10-Color Set with Brush"
Office Supplies,Paper,"Adams Phone Message Book, 200 Message Capacity, 8 1/16” x 11”"
Office Supplies,Appliances,Belkin 8 Outlet SurgeMaster II Gold Surge Protector with Phone Protection
Office Supplies,Labels,"Avery Address/Shipping Labels for Typewriters, 4"" x 2"""
Furniture,Chairs,Global Ergonomic Managers Chair
Office Supplies,Art,Newell 333
Furniture,Furnishings,Eldon Wave Desk Accessories
Office Supplies,Binders,Wilson Jones “Snap” Scratch Pad Binder Tool for Ring Binders
Office Supplies,Supplies,Staple remover
Office Supplies,Storage,Pizazz Global Quick File
Office Supplies,Paper,Xerox 1930
Office Supplies,Storage,File Shuttle I and Handi-File
Technology,Accessories,NETGEAR AC1750 Dual Band Gigabit Smart WiFi Router
Office Supplies,Art,Newell 324
Technology,Accessories,Microsoft Natural Keyboard Elite
Office Supplies,Paper,Xerox 1960
Furniture,Tables,"Office Impressions End Table, 20-1/2""H x 24""W x 20""D"
Office Supplies,Appliances,Holmes Odor Grabber
Office Supplies,Storage,Akro-Mils 12-Gallon Tote
Office Supplies,Binders,"GBC Twin Loop Wire Binding Elements, 9/16"" Spine, Black"
Office Supplies,Paper,Southworth Structures Collection
Office Supplies,Binders,"Square Ring Data Binders, Rigid 75 Pt. Covers, 11"" x 14-7/8"""
Technology,Accessories,Sony 32GB Class 10 Micro SDHC R40 Memory Card
Furniture,Tables,"Hon Practical Foundations 30 x 60 Training Table, Light Gray/Charcoal"
Technology,Accessories,Logitech Media Keyboard K200
Technology,Machines,Lexmark MarkNet N8150 Wireless Print Server
Furniture,Furnishings,3M Hangers With Command Adhesive
Office Supplies,Art,Crayola Colored Pencils
Office Supplies,Binders,"Angle-D Binders with Locking Rings, Label Holders"
Technology,Phones,Nortel Meridian M3904 Professional Digital phone
Technology,Copiers,Canon PC1080F Personal Copier
Office Supplies,Binders,Wilson Jones Century Plastic Molded Ring Binders
Office Supplies,Binders,Tuf-Vin Binders
Office Supplies,Storage,2300 Heavy-Duty Transfer File Systems by Perma
Office Supplies,Paper,Xerox 1958
Office Supplies,Supplies,"Acme 10"" Easy Grip Assistive Scissors"
Office Supplies,Storage,Super Decoflex Portable Personal File
Office Supplies,Storage,"Contico 72""H Heavy-Duty Storage System"
Technology,Accessories,Sony 64GB Class 10 Micro SDHC R40 Memory Card
Office Supplies,Paper,Xerox 1974
Office Supplies,Art,"Avery Hi-Liter EverBold Pen Style Fluorescent Highlighters, 4/Pack"
Office Supplies,Appliances,Staple holder
Technology,Copiers,Sharp AL-1530CS Digital Copier
Office Supplies,Paper,"Wirebound Message Book, 4 per Page"
Furniture,Tables,"Bevis Round Conference Table Top, X-Base"
Office Supplies,Paper,"Wirebound Service Call Books, 5 1/2"" x 4"""
Office Supplies,Labels,Self-Adhesive Removable Labels
Office Supplies,Paper,Xerox 1908
Furniture,Bookcases,O'Sullivan 4-Shelf Bookcase in Odessa Pine
Furniture,Chairs,Novimex High-Tech Fabric Mesh Task Chair
Office Supplies,Paper,Xerox 191
Office Supplies,Art,Bulldog Vacuum Base Pencil Sharpener
Furniture,Chairs,Bevis Steel Folding Chairs
Office Supplies,Paper,Xerox 1987
Office Supplies,Art,American Pencil
Office Supplies,Envelopes,"White Envelopes, White Envelopes with Clear Poly Window"
Technology,Accessories,KeyTronic 6101 Series - Keyboard - Black
Furniture,Furnishings,"Westinghouse Mesh Shade Clip-On Gooseneck Lamp, Black"
Office Supplies,Storage,Crate-A-Files
Furniture,Chairs,Hon Multipurpose Stacking Arm Chairs
Furniture,Furnishings,Coloredge Poster Frame
Office Supplies,Binders,GBC VeloBinder Manual Binding System
Technology,Machines,"Epson WorkForce WF-2530 All-in-One Printer, Copier Scanner"
Office Supplies,Art,Design Ebony Sketching Pencil
Office Supplies,Binders,GBC ProClick 150 Presentation Binding System
Office Supplies,Storage,Woodgrain Magazine Files by Perma
Office Supplies,Storage,Letter Size Cart
Office Supplies,Binders,Insertable Tab Post Binder Dividers
Technology,Accessories,Belkin QODE FastFit Bluetooth Keyboard
Technology,Machines,"Canon Color ImageCLASS MF8580Cdw Wireless Laser All-In-One Printer, Copier, Scanner"
Office Supplies,Paper,Xerox 1897
Furniture,Chairs,Global Deluxe Steno Chair
Furniture,Furnishings,Aluminum Document Frame
Office Supplies,Storage,Fellowes Bankers Box Staxonsteel Drawer File/Stacking System
Office Supplies,Storage,Eldon Mobile Mega Data Cart  Mega Stackable  Add-On Trays
Office Supplies,Paper,"Xerox Color Copier Paper, 11"" x 17"", Ream"
Furniture,Chairs,Office Star - Ergonomically Designed Knee Chair
Office Supplies,Labels,Avery 520
Furniture,Furnishings,"GE General Purpose, Extra Long Life, Showcase & Floodlight Incandescent Bulbs"
Office Supplies,Art,Newell 345
Office Supplies,Storage,Fellowes Bankers Box Recycled Super Stor/Drawer
Office Supplies,Art,Boston 1645 Deluxe Heavier-Duty Electric Pencil Sharpener
Office Supplies,Art,50 Colored Long Pencils
Office Supplies,Art,Newell 342
Technology,Phones,Belkin Grip Candy Sheer Case / Cover for iPhone 5 and 5S
Office Supplies,Storage,Deluxe Rollaway Locking File with Drawer
Technology,Accessories,Memorex Mini Travel Drive 16 GB USB 2.0 Flash Drive
Furniture,Chairs,"Global Geo Office Task Chair, Gray"
Furniture,Chairs,Hon 4700 Series Mobuis Mid-Back Task Chairs with Adjustable Arms
Office Supplies,Appliances,3M Office Air Cleaner
Technology,Accessories,Logitech G700s Rechargeable Gaming Mouse
Office Supplies,Binders,Acco D-Ring Binder w/DublLock
Furniture,Tables,Bush Advantage Collection Racetrack Conference Table
Office Supplies,Binders,Poly Designer Cover & Back
Office Supplies,Supplies,Premier Electric Letter Opener
Office Supplies,Appliances,"Fellowes Premier Superior Surge Suppressor, 10-Outlet, With Phone and Remote"
Furniture,Bookcases,Bush Mission Pointe Library
Office Supplies,Binders,Cardinal Hold-It CD Pocket
Office Supplies,Paper,"Eaton Premium Continuous-Feed Paper, 25% Cotton, Letter Size, White, 1000 Shts/Box"
Office Supplies,Storage,SAFCO Boltless Steel Shelving
Furniture,Bookcases,"Sauder Mission Library with Doors, Fruitwood Finish"
Technology,Phones,Samsung Galaxy Note 3
Office Supplies,Storage,"Decoflex Hanging Personal Folder File, Blue"
Office Supplies,Paper,"Recycled Desk Saver Line ""While You Were Out"" Book, 5 1/2"" X 4"""
Office Supplies,Paper,Xerox 1912
Technology,Phones,Cisco SPA525G2 IP Phone - Wireless
Office Supplies,Art,Prang Colored Pencils
Office Supplies,Storage,"Fellowes Strictly Business Drawer File, Letter/Legal Size"
Technology,Accessories,Imation USB 2.0 Swivel Flash Drive USB flash drive - 4 GB - Pink
Technology,Accessories,Logitech G602 Wireless Gaming Mouse
Office Supplies,Labels,Alphabetical Labels for Top Tab Filing
Furniture,Bookcases,O'Sullivan Living Dimensions 2-Shelf Bookcases
Technology,Phones,iHome FM Clock Radio with Lightning Dock
Technology,Phones,Apple iPhone 5S
Technology,Phones,Square Credit Card Reader
Technology,Accessories,Logitech M510 Wireless Mouse
Office Supplies,Storage,Fellowes Officeware Wire Shelving
Office Supplies,Envelopes,Colored Envelopes
Technology,Accessories,Sony Micro Vault Click 8 GB USB 2.0 Flash Drive
Furniture,Tables,Balt Solid Wood Rectangular Table
Office Supplies,Envelopes,"Strathmore #10 Envelopes, Ultimate White"
Office Supplies,Binders,Clear Mylar Reinforcing Strips
Furniture,Furnishings,"Howard Miller 14-1/2"" Diameter Chrome Round Wall Clock"
Furniture,Furnishings,Deflect-O Glasstique Clear Desk Accessories
Office Supplies,Binders,Vinyl Sectional Post Binders
Office Supplies,Binders,GBC Standard Therm-A-Bind Covers
Furniture,Chairs,Global Troy Executive Leather Low-Back Tilter
Office Supplies,Binders,Storex Flexible Poly Binders with Double Pockets
Office Supplies,Paper,"White Dual Perf Computer Printout Paper, 2700 Sheets, 1 Part, Heavyweight, 20 lbs., 14 7/8 x 11"
Office Supplies,Art,Rogers Handheld Barrel Pencil Sharpener
Office Supplies,Art,Newell 344
Office Supplies,Storage,Personal File Boxes with Fold-Down Carry Handle
Office Supplies,Binders,Fellowes PB500 Electric Punch Plastic Comb Binding Machine with Manual Bind
Furniture,Furnishings,Executive Impressions Supervisor Wall Clock
Technology,Accessories,SanDisk Cruzer 32 GB USB Flash Drive
Office Supplies,Art,Newell 327
Office Supplies,Art,Newell 317
Technology,Copiers,Canon Image Class D660 Copier
Office Supplies,Storage,Advantus Rolling Storage Box
Office Supplies,Paper,Great White Multi-Use Recycled Paper (20Lb. and 84 Bright)
Office Supplies,Storage,Tennsco Single-Tier Lockers
Office Supplies,Storage,Carina Double Wide Media Storage Towers in Natural & Black
Office Supplies,Binders,XtraLife ClearVue Slant-D Ring Binders by Cardinal
Technology,Phones,Motorola HK250 Universal Bluetooth Headset
Technology,Accessories,Imation 16GB Mini TravelDrive USB 2.0 Flash Drive
Furniture,Chairs,Global Commerce Series High-Back Swivel/Tilt Chairs
Office Supplies,Storage,Eldon Gobal File Keepers
Office Supplies,Supplies,Martin Yale Chadless Opener Electric Letter Opener
Office Supplies,Envelopes,"White Business Envelopes with Contemporary Seam, Recycled White Business Envelopes"
Furniture,Chairs,Safco Contoured Stacking Chairs
Furniture,Furnishings,Tenex Chairmats For Use With Carpeted Floors
Technology,Phones,Panasonic KX-TG9471B
Office Supplies,Storage,Sterilite Officeware Hinged File Box
Office Supplies,Binders,"Premier Elliptical Ring Binder, Black"
Office Supplies,Binders,Cardinal Poly Pocket Divider Pockets for Ring Binders
Office Supplies,Appliances,Eureka The Boss Cordless Rechargeable Stick Vac
Furniture,Chairs,"Situations Contoured Folding Chairs, 4/Set"
Technology,Accessories,Enermax Aurora Lite Keyboard
Technology,Phones,LG Electronics Tone+ HBS-730 Bluetooth Headset
Technology,Accessories,SanDisk Cruzer 64 GB USB Flash Drive
Technology,Phones,Xblue XB-1670-86 X16 Small Office Telephone - Titanium
Furniture,Furnishings,"Deflect-o EconoMat Studded, No Bevel Mat for Low Pile Carpeting"
Office Supplies,Binders,Avery Printable Repositionable Plastic Tabs
Office Supplies,Paper,Xerox 1898
Furniture,Chairs,HON 5400 Series Task Chairs for Big and Tall
Furniture,Furnishings,"Howard Miller 11-1/2"" Diameter Grantwood Wall Clock"
Office Supplies,Fasteners,Advantus T-Pin Paper Clips
Office Supplies,Storage,Tennsco 16-Compartment Lockers with Coat Rack
Office Supplies,Art,Zebra Zazzle Fluorescent Highlighters
Office Supplies,Labels,Avery 473
Furniture,Tables,Bretford “Just In Time” Height-Adjustable Multi-Task Work Tables
Office Supplies,Paper,Xerox 226
Office Supplies,Binders,"GBC Prepunched Paper, 19-Hole, for Binding Systems, 24-lb"
Office Supplies,Appliances,"Sanitaire Vibra Groomer IR Commercial Upright Vacuum, Replacement Belts"
Furniture,Furnishings,Advantus Panel Wall Acrylic Frame
Office Supplies,Fasteners,"Alliance Big Bands Rubber Bands, 12/Pack"
Technology,Phones,Cisco SPA301
Office Supplies,Paper,Personal Creations Ink Jet Cards and Labels
Office Supplies,Binders,"GBC White Gloss Covers, Plain Front"
Office Supplies,Paper,Xerox 222
Furniture,Chairs,Hon Every-Day Series Multi-Task Chairs
Technology,Phones,Cush Cases Heavy Duty Rugged Cover Case for Samsung Galaxy S5 - Purple
Office Supplies,Art,Newell 332
Office Supplies,Paper,Rediform S.O.S. Phone Message Books
Office Supplies,Supplies,Acme Value Line Scissors
Furniture,Furnishings,"Contract Clock, 14"", Brown"
Office Supplies,Supplies,Martin-Yale Premier Letter Opener
Technology,Phones,AT&T SB67148 SynJ
Office Supplies,Binders,Recycled Pressboard Report Cover with Reinforced Top Hinge
Office Supplies,Labels,"Dot Matrix Printer Tape Reel Labels, White, 5000/Box"
Technology,Phones,i.Sound Portable Power - 8000 mAh
Office Supplies,Paper,Xerox 225
Office Supplies,Paper,Xerox 1894
Office Supplies,Art,Newell 312
Office Supplies,Appliances,Fellowes Superior 10 Outlet Split Surge Protector
Furniture,Furnishings,Dana Halogen Swing-Arm Architect Lamp
Office Supplies,Supplies,Acme Stainless Steel Office Snips
Technology,Phones,Mophie Juice Pack Helium for iPhone
Technology,Phones,GE 2-Jack Phone Line Splitter
Office Supplies,Storage,"Hot File 7-Pocket, Floor Stand"
Office Supplies,Paper,Xerox 1889
Office Supplies,Binders,Angle-D Ring Binders
Technology,Phones,Motorola L804
Office Supplies,Labels,Avery 493
Office Supplies,Paper,Xerox 1972
Technology,Phones,Cisco 8x8 Inc. 6753i IP Business Phone System
Office Supplies,Binders,Prestige Round Ring Binders
Furniture,Furnishings,"DAX Metal Frame, Desktop, Stepped-Edge"
Furniture,Furnishings,"DAX Value U-Channel Document Frames, Easel Back"
Office Supplies,Binders,Recycled Easel Ring Binders
Technology,Phones,Grandstream GXP1160 VoIP phone
Office Supplies,Binders,"Cardinal Slant-D Ring Binder, Heavy Gauge Vinyl"
Furniture,Chairs,"Global Manager's Adjustable Task Chair, Storm"
Office Supplies,Appliances,Honeywell Enviracaire Portable HEPA Air Cleaner for up to 10 x 16 Room
Office Supplies,Storage,"Mini 13-1/2 Capacity Data Binder Rack, Pearl"
Furniture,Furnishings,"Master Caster Door Stop, Brown"
Office Supplies,Appliances,Belkin Premiere Surge Master II 8-outlet surge protector
Office Supplies,Binders,"Acco Pressboard Covers with Storage Hooks, 9 1/2"" x 11"", Executive Red"
Office Supplies,Storage,Tennsco Regal Shelving Units
Technology,Accessories,Imation 32GB Pocket Pro USB 3.0 Flash Drive - 32 GB - Black - 1 P ...
Technology,Phones,Jabra SPEAK 410
Technology,Accessories,"Verbatim 25 GB 6x Blu-ray Single Layer Recordable Disc, 1/Pack"
Furniture,Chairs,Office Star - Mesh Screen back chair with Vinyl seat
Office Supplies,Binders,Premium Transparent Presentation Covers by GBC
Office Supplies,Appliances,Tripp Lite TLP810NET Broadband Surge for Modem/Fax
Office Supplies,Binders,Wilson Jones Turn Tabs Binder Tool for Ring Binders
Furniture,Furnishings,Eldon 200 Class Desk Accessories
Office Supplies,Storage,Economy Rollaway Files
Office Supplies,Labels,Avery 480
Office Supplies,Paper,Xerox 1993
Office Supplies,Appliances,"Eureka The Boss Plus 12-Amp Hard Box Upright Vacuum, Red"
Office Supplies,Appliances,Belkin F9H710-06 7 Outlet SurgeMaster Surge Protector
Technology,Accessories,First Data FD10 PIN Pad
Technology,Accessories,Sony 16GB Class 10 Micro SDHC R40 Memory Card
Office Supplies,Appliances,Tripp Lite Isotel 8 Ultra 8 Outlet Metal Surge
Office Supplies,Binders,Avery Durable Poly Binders
Office Supplies,Envelopes,Airmail Envelopes
Office Supplies,Storage,Space Solutions Commercial Steel Shelving
Office Supplies,Supplies,Acme Tagit Stainless Steel Antibacterial Scissors
Technology,Phones,ClearOne Communications CHAT 70 OC Speaker Phone
Furniture,Furnishings,"Master Giant Foot Doorstop, Safety Yellow"
Furniture,Furnishings,12-1/2 Diameter Round Wall Clock
Furniture,Tables,"Chromcraft Bull-Nose Wood Round Conference Table Top, Wood Base"
Office Supplies,Paper,"Adams Telephone Message Book W/Dividers/Space For Phone Numbers, 5 1/4""X8 1/2"", 200/Messages"
Office Supplies,Art,Newell 331
Office Supplies,Appliances,Kensington 6 Outlet Guardian Standard Surge Protector
Office Supplies,Paper,"Southworth 100% Résumé Paper, 24lb."
Office Supplies,Appliances,Hoover Portapower Portable Vacuum
Technology,Accessories,"Verbatim 25 GB 6x Blu-ray Single Layer Recordable Disc, 10/Pack"
Furniture,Furnishings,"Howard Miller 13-1/2"" Diameter Rosebrook Wall Clock"
Office Supplies,Binders,Ibico Hi-Tech Manual Binding System
Office Supplies,Binders,Avery Hanging File Binders
Office Supplies,Storage,Fellowes Neat Ideas Storage Cubes
Technology,Machines,Cubify CubeX 3D Printer Triple Head Print
Office Supplies,Labels,Avery 516
Furniture,Bookcases,"Bush Andora Bookcase, Maple/Graphite Gray Finish"
Furniture,Furnishings,Luxo Professional Magnifying Clamp-On Fluorescent Lamps
Office Supplies,Storage,Recycled Eldon Regeneration Jumbo File
Technology,Accessories,Imation Bio 8GB USB Flash Drive Imation Corp
Office Supplies,Paper,Xerox 1977
Office Supplies,Labels,Avery 490
Office Supplies,Labels,"Avery 4027 File Folder Labels for Dot Matrix Printers, 5000 Labels per Box, White"
Office Supplies,Art,"Binney & Smith Crayola Metallic Crayons, 16-Color Pack"
Office Supplies,Binders,GBC Linen Binding Covers
Furniture,Furnishings,"Tenex ""The Solids"" Textured Chair Mats"
Furniture,Tables,Laminate Occasional Tables
Office Supplies,Paper,Xerox 220
Office Supplies,Appliances,Fellowes 8 Outlet Superior Workstation Surge Protector
Furniture,Bookcases,O'Sullivan Living Dimensions 5-Shelf Bookcases
Office Supplies,Envelopes,"#10- 4 1/8"" x 9 1/2"" Security-Tint Envelopes"
Office Supplies,Appliances,Bionaire Personal Warm Mist Humidifier/Vaporizer
Technology,Accessories,Logitech Wireless Performance Mouse MX for PC and Mac
Office Supplies,Binders,Cardinal Holdit Business Card Pockets
Furniture,Furnishings,"Howard Miller 13"" Diameter Pewter Finish Round Wall Clock"
Office Supplies,Paper,Tops Green Bar Computer Printout Paper
Furniture,Tables,Chromcraft Bull-Nose Wood Oval Conference Tables & Bases
Office Supplies,Storage,"Recycled Data-Pak for Archival Bound Computer Printouts, 12-1/2 x 12-1/2 x 16"
Furniture,Furnishings,"Seth Thomas 16"" Steel Case Clock"
Office Supplies,Supplies,Acme Softgrip Scissors
Office Supplies,Envelopes,"Manila Recycled Extra-Heavyweight Clasp Envelopes, 6"" x 9"""
Technology,Phones,ClearSounds CSC500 Amplified Spirit Phone Corded phone
Office Supplies,Paper,Xerox 1964
Furniture,Tables,"Bevis Traditional Conference Table Top, Plinth Base"
Office Supplies,Storage,"Personal Folder Holder, Ebony"
Technology,Accessories,Logitech Illuminated - Keyboard
Furniture,Bookcases,O'Sullivan Cherrywood Estates Traditional Bookcase
Office Supplies,Binders,Acco Translucent Poly Ring Binders
Technology,Accessories,Logitech Wireless Touch Keyboard K400
Office Supplies,Labels,Avery 508
Office Supplies,Binders,GBC Standard Plastic Binding Systems Combs
Office Supplies,Paper,Xerox 196
Office Supplies,Supplies,"Fiskars 8"" Scissors, 2/Pack"
Technology,Phones,Belkin iPhone and iPad Lightning Cable
Office Supplies,Binders,GBC Durable Plastic Covers
Furniture,Furnishings,Nu-Dell Leatherette Frames
Office Supplies,Binders,Avery Durable Binders
Technology,Copiers,Hewlett Packard 610 Color Digital Copier / Printer
Furniture,Tables,Chromcraft Round Conference Tables
Office Supplies,Labels,Avery 476
Office Supplies,Envelopes,Brown Kraft Recycled Envelopes
Technology,Accessories,Plantronics S12 Corded Telephone Headset System
Office Supplies,Binders,3-ring staple pack
Office Supplies,Storage,Fellowes Stor/Drawer Steel Plus Storage Drawers
Furniture,Furnishings,Electrix Halogen Magnifier Lamp
Furniture,Chairs,Hon 4070 Series Pagoda Round Back Stacking Chairs
Office Supplies,Binders,Cardinal EasyOpen D-Ring Binders
Office Supplies,Binders,GBC Instant Report Kit
Office Supplies,Art,Boston 19500 Mighty Mite Electric Pencil Sharpener
Furniture,Furnishings,"C-Line Magnetic Cubicle Keepers, Clear Polypropylene"
Office Supplies,Art,"Dixon My First Ticonderoga Pencil, #2"
Furniture,Chairs,Hon GuestStacker Chair
Office Supplies,Paper,Xerox 1927
Furniture,Bookcases,"Safco Value Mate Series Steel Bookcases, Baked Enamel Finish on Steel, Gray"
Technology,Accessories,Microsoft Natural Ergonomic Keyboard 4000
Office Supplies,Envelopes,Cameo Buff Policy Envelopes
Office Supplies,Binders,Heavy-Duty E-Z-D Binders
Furniture,Chairs,"Lifetime Advantage Folding Chairs, 4/Carton"
Office Supplies,Binders,"Acco PRESSTEX Data Binder with Storage Hooks, Dark Blue, 9 1/2"" X 11"""
Furniture,Chairs,Office Star - Contemporary Task Swivel Chair
Technology,Phones,Cisco Unified IP Phone 7945G VoIP phone
Office Supplies,Labels,Avery 499
Office Supplies,Paper,Xerox 1887
Office Supplies,Labels,Smead Alpha-Z Color-Coded Second Alphabetical Labels and Starter Set
Furniture,Furnishings,"Executive Impressions 14"" Contract Wall Clock"
Office Supplies,Appliances,Belkin 7 Outlet SurgeMaster II
Office Supplies,Paper,Xerox 218
Furniture,Furnishings,"Eldon Stackable Tray, Side-Load, Legal, Smoke"
Office Supplies,Art,Model L Table or Wall-Mount Pencil Sharpener
Technology,Phones,ClearOne CHATAttach 160 - speaker phone
Technology,Accessories,Kensington SlimBlade Notebook Wireless Mouse with Nano Receiver 
Office Supplies,Art,Newell 32
Office Supplies,Appliances,Belkin F9G930V10-GRY 9 Outlet Surge
Technology,Accessories,Razer Tiamat Over Ear 7.1 Surround Sound PC Gaming Headset
Office Supplies,Paper,Xerox 1968
Office Supplies,Binders,Self-Adhesive Ring Binder Labels
Furniture,Chairs,Global Leather Executive Chair
Office Supplies,Binders,GBC Recycled Grain Textured Covers
Office Supplies,Paper,Xerox 1941
Technology,Accessories,Razer Kraken PRO Over Ear PC and Music Headset
Technology,Accessories,Kingston Digital DataTraveler 32GB USB 2.0
Office Supplies,Fasteners,Advantus Plastic Paper Clips
Office Supplies,Supplies,Acme Forged Steel Scissors with Black Enamel Handles
Office Supplies,Envelopes,Security-Tint Envelopes
Furniture,Chairs,"Global Airflow Leather Mesh Back Chair, Black"
Office Supplies,Appliances,"Fellowes Smart Surge Ten-Outlet Protector, Platinum"
Technology,Phones,Pyle PMP37LED
Technology,Phones,Clarity 53712
Office Supplies,Art,Boston 16801 Nautilus Battery Pencil Sharpener
Office Supplies,Appliances,"Holmes Replacement Filter for HEPA Air Cleaner, Large Room"
Technology,Machines,Zebra GX420t Direct Thermal/Thermal Transfer Printer
Office Supplies,Binders,GBC ProClick Punch Binding System
Office Supplies,Paper,"Adams Telephone Message Books, 5 1/4” x 11”"
Office Supplies,Art,Newell 335
Furniture,Bookcases,O'Sullivan 3-Shelf Heavy-Duty Bookcases
Office Supplies,Binders,Fellowes Binding Cases
Office Supplies,Binders,Ibico Plastic and Wire Spiral Binding Combs
Office Supplies,Supplies,Acme Preferred Stainless Steel Scissors
Office Supplies,Labels,Avery 486
Furniture,Furnishings,"Linden 10"" Round Wall Clock, Black"
Technology,Accessories,Maxell DVD-RAM Discs
Office Supplies,Art,DIXON Oriole Pencils
Office Supplies,Paper,Xerox 202
Office Supplies,Paper,Xerox 1884
Office Supplies,Supplies,Acme Box Cutter Scissors
Office Supplies,Storage,Staple magnet
Office Supplies,Art,Deluxe Chalkboard Eraser Cleaner
Technology,Accessories,Logitech MX Performance Wireless Mouse
Office Supplies,Art,Newell 337
Technology,Phones,"Logitech B530 USB Headset - headset - Full size, Binaural"
Office Supplies,Labels,Avery 482
Furniture,Furnishings,"Howard Miller 11-1/2"" Diameter Ridgewood Wall Clock"
Office Supplies,Labels,Avery 483
Office Supplies,Binders,Large Capacity Hanging Post Binders
Office Supplies,Binders,GBC Ibimaster 500 Manual ProClick Binding System
Office Supplies,Paper,Southworth 100% Cotton The Best Paper
Office Supplies,Paper,Xerox 1910
Technology,Accessories,Logitech G19 Programmable Gaming Keyboard
Office Supplies,Binders,"Acco Pressboard Covers with Storage Hooks, 14 7/8"" x 11"", Light Blue"
Office Supplies,Binders,Lock-Up Easel 'Spel-Binder'
Furniture,Furnishings,Dax Clear Box Frame
Office Supplies,Binders,Fellowes Black Plastic Comb Bindings
Office Supplies,Storage,Eldon Shelf Savers Cubes and Bins
Technology,Accessories,Anker Ultrathin Bluetooth Wireless Keyboard Aluminum Cover with Stand 
Office Supplies,Paper,"Ampad Poly Cover Wirebound Steno Book, 6"" x 9"" Assorted Colors, Gregg Ruled"
Office Supplies,Art,Fluorescent Highlighters by Dixon
Technology,Phones,Nortel Networks T7316 E Nt8 B27
Office Supplies,Binders,Binding Machine Supplies
Office Supplies,Paper,Things To Do Today Pad
Office Supplies,Binders,Wilson Jones Hanging Recycled Pressboard Data Binders
Office Supplies,Labels,Permanent Self-Adhesive File Folder Labels for Typewriters by Universal
Office Supplies,Binders,Deluxe Heavy-Duty Vinyl Round Ring Binder
Office Supplies,Paper,Xerox 1923
Office Supplies,Paper,Xerox 1931
Furniture,Bookcases,"Bush Westfield Collection Bookcases, Fully Assembled"
Technology,Phones,Gear Head AU3700S Headset
Office Supplies,Binders,Wilson Jones Legal Size Ring Binders
Technology,Phones,Polycom CX600 IP Phone VoIP phone
Technology,Accessories,Maxell iVDR EX 500GB Cartridge
Office Supplies,Storage,Fellowes High-Stak Drawer Files
Furniture,Tables,"Lesro Sheffield Collection Coffee Table, End Table, Center Table, Corner Table"
Office Supplies,Storage,Acco Perma 4000 Stacking Storage Drawers
Technology,Accessories,Maxell 4.7GB DVD-R
Technology,Phones,OtterBox Commuter Series Case - iPhone 5 & 5s
Office Supplies,Appliances,Kensington 4 Outlet MasterPiece Compact Power Control Center
Office Supplies,Paper,Xerox 1985
Technology,Accessories,Hypercom P1300 Pinpad
Office Supplies,Art,"Sanford Prismacolor Professional Thick Lead Art Pencils, 36-Color Set"
Office Supplies,Paper,"RSVP Cards & Envelopes, Blank White, 8-1/2"" X 11"", 24 Cards/25 Envelopes/Set"
Office Supplies,Paper,"Wirebound Message Books, 2 7/8"" x 5"", 3 Forms per Page"
Office Supplies,Binders,JM Magazine Binder
Office Supplies,Paper,Xerox 213
Office Supplies,Appliances,Fellowes 8 Outlet Superior Workstation Surge Protector w/o Phone/Fax/Modem Protection
Office Supplies,Paper,"Message Book, Standard Line ""While You Were Out"", 5 1/2"" X 4"", 200 Sets/Book"
Office Supplies,Binders,"Acco Pressboard Covers with Storage Hooks, 14 7/8"" x 11"", Dark Blue"
Office Supplies,Storage,Standard Rollaway File with Lock
Office Supplies,Binders,"Avery Trapezoid Extra Heavy Duty 4"" Binders"
Furniture,Tables,Bevis Boat-Shaped Conference Table
Furniture,Furnishings,"Deflect-o RollaMat Studded, Beveled Mat for Medium Pile Carpeting"
Furniture,Tables,"Riverside Furniture Oval Coffee Table, Oval End Table, End Table with Drawer"
Office Supplies,Paper,Xerox 210
Office Supplies,Binders,Avery Durable Slant Ring Binders
Office Supplies,Paper,"Universal Ultra Bright White Copier/Laser Paper, 8 1/2"" x 11"", Ream"
Furniture,Furnishings,Luxo Professional Combination Clamp-On Lamps
Office Supplies,Binders,Zipper Ring Binder Pockets
Office Supplies,Labels,Avery File Folder Labels
Office Supplies,Labels,Color-Coded Legal Exhibit Labels
Office Supplies,Paper,Xerox 212
Office Supplies,Paper,Computer Printout Paper with Letter-Trim Fine Perforations
Office Supplies,Storage,Office Impressions Heavy Duty Welded Shelving & Multimedia Storage Drawers
Furniture,Furnishings,DAX Black Cherry Wood-Tone Poster Frame
Office Supplies,Binders,Wilson Jones Easy Flow II Sheet Lifters
Office Supplies,Paper,Xerox 188
Office Supplies,Art,"BIC Brite Liner Grip Highlighters, Assorted, 5/Pack"
Technology,Phones,Samsung Galaxy S III - 16GB - pebble blue (T-Mobile)
Office Supplies,Envelopes,"#10- 4 1/8"" x 9 1/2"" Recycled Envelopes"
Technology,Machines,Wasp CCD Handheld Bar Code Reader
Office Supplies,Binders,Acco Suede Grain Vinyl Round Ring Binder
Office Supplies,Art,Bulldog Table or Wall-Mount Pencil Sharpener
Office Supplies,Paper,Xerox 1979
Office Supplies,Binders,Fellowes PB300 Plastic Comb Binding Machine
Technology,Phones,Plantronics Voyager Pro Legend
Office Supplies,Envelopes,Laser & Ink Jet Business Envelopes
Office Supplies,Storage,Portable Personal File Box
Furniture,Furnishings,Magna Visual Magnetic Picture Hangers
Technology,Accessories,Plantronics CS510 - Over-the-Head monaural Wireless Headset System
Office Supplies,Storage,Fellowes Super Stor/Drawer Files
Office Supplies,Binders,UniKeep View Case Binders
Furniture,Furnishings,"Eldon Delta Triangular Chair Mat, 52"" x 58"", Clear"
Office Supplies,Storage,Project Tote Personal File
Technology,Accessories,Enermax Acrylux Wireless Keyboard
Furniture,Furnishings,G.E. Halogen Desk Lamp Bulbs
Technology,Phones,OtterBox Commuter Series Case - Samsung Galaxy S4
Office Supplies,Storage,Iceberg Mobile Mega Data/Printer Cart 
Office Supplies,Art,Staples in misc. colors
Furniture,Chairs,Global Comet Stacking Arm Chair
Technology,Machines,Cisco SPA525G2 5-Line IP Phone
Office Supplies,Envelopes,Peel & Seel Envelopes
Office Supplies,Binders,GBC Plastic Binding Combs
Office Supplies,Paper,Xerox 2
Office Supplies,Paper,Xerox 1935
Technology,Phones,Cyber Acoustics AC-202b Speech Recognition Stereo Headset
Technology,Phones,Cisco SPA508G
Office Supplies,Labels,Avery 514
Office Supplies,Paper,Southworth 25% Cotton Granite Paper & Envelopes
Furniture,Furnishings,Eldon Advantage Chair Mats for Low to Medium Pile Carpets
Office Supplies,Binders,Aluminum Screw Posts
Office Supplies,Art,Newell 336
Technology,Accessories,Maxell 4.7GB DVD+RW 3/Pack
Furniture,Bookcases,"Atlantic Metals Mobile 5-Shelf Bookcases, Custom Colors"
Office Supplies,Art,"Quartet Alpha White Chalk, 12/Pack"
Office Supplies,Appliances,Belkin F9S820V06 8 Outlet Surge
Furniture,Chairs,"Global Stack Chair without Arms, Black"
Furniture,Furnishings,Eldon Antistatic Chair Mats for Low to Medium Pile Carpets
Office Supplies,Paper,"Important Message Pads, 50 4-1/4 x 5-1/2 Forms per Pad"
Furniture,Furnishings,"Howard Miller 12"" Round Wall Clock"
Office Supplies,Art,DIXON Ticonderoga Erasable Checking Pencils
Furniture,Furnishings,Eldon Advantage Foldable Chair Mats for Low Pile Carpets
Office Supplies,Binders,Avery Round Ring Poly Binders
Office Supplies,Binders,Avery Hole Reinforcements
Office Supplies,Binders,"Wilson Jones Ledger-Size, Piano-Hinge Binder, 2"", Blue"
Office Supplies,Fasteners,Stockwell Gold Paper Clips
Office Supplies,Fasteners,"Super Bands, 12/Pack"
Technology,Phones,Plantronics 81402
Office Supplies,Fasteners,Assorted Color Push Pins
Office Supplies,Binders,"GBC Velobind Prepunched Cover Sets, Regency Series"
Office Supplies,Binders,3M Organizer Strips
Office Supplies,Binders,Avery Durable Slant Ring Binders With Label Holder
Technology,Accessories,Micropad Numeric Keypads
Office Supplies,Art,Newell 328
Office Supplies,Appliances,Belkin 8 Outlet SurgeMaster II Gold Surge Protector
Furniture,Chairs,"Global High-Back Leather Tilter, Burgundy"
Technology,Machines,Ativa V4110MDD Micro-Cut Shredder
Office Supplies,Paper,Xerox 224
Office Supplies,Labels,Avery 488
Technology,Phones,Innergie mMini Combo Duo USB Travel Charging Kit
Office Supplies,Art,Stanley Contemporary Battery Pencil Sharpeners
Technology,Phones,AT&T 1080 Corded phone
Office Supplies,Paper,Xerox 1950
Office Supplies,Storage,"Fellowes Mobile File Cart, Black"
Office Supplies,Binders,GBC Recycled VeloBinder Covers
Furniture,Tables,Hon 4060 Series Tables
Office Supplies,Art,Newell 326
Technology,Accessories,Logitech ClearChat Comfort/USB Headset H390
Office Supplies,Art,Newell 346
Office Supplies,Paper,"Rediform Wirebound ""Phone Memo"" Message Book, 11 x 5-3/4"
Office Supplies,Binders,"GBC Standard Recycled Report Covers, Clear Plastic Sheets"
Office Supplies,Envelopes,"Recycled Interoffice Envelopes with Re-Use-A-Seal Closure, 10 x 13"
Technology,Phones,invisibleSHIELD by ZAGG Smudge-Free Screen Protector
Office Supplies,Paper,Xerox 1905
Furniture,Bookcases,"Bush Saratoga Collection 5-Shelf Bookcase, Hanover Cherry, *Special Order"
Office Supplies,Paper,"Ampad Evidence Wirebond Steno Books, 6"" x 9"""
Technology,Phones,Apple iPhone 5C
Office Supplies,Art,Newell 351
Furniture,Tables,KI Adjustable-Height Table
Office Supplies,Paper,Xerox 1945
Office Supplies,Labels,Avery 502
Office Supplies,Storage,Steel Personal Filing/Posting Tote
Office Supplies,Envelopes,"Tyvek  Top-Opening Peel & Seel  Envelopes, Gray"
Office Supplies,Paper,Xerox 1896
Office Supplies,Binders,Cardinal Slant-D Ring Binders
Office Supplies,Fasteners,Stockwell Push Pins
Technology,Machines,Star Micronics TSP800 TSP847IIU Receipt Printer
Office Supplies,Appliances,Hoover Shoulder Vac Commercial Portable Vacuum
Office Supplies,Binders,Acco Expandable Hanging Binders
Technology,Phones,Shocksock Galaxy S4 Armband
Technology,Copiers,Brother DCP1000 Digital 3 in 1 Multifunction Machine
Furniture,Furnishings,"Eldon Regeneration Recycled Desk Accessories, Smoke"
Office Supplies,Art,"Crayola Anti Dust Chalk, 12/Pack"
Office Supplies,Storage,"SAFCO Commercial Wire Shelving, 72h"
Furniture,Tables,"Chromcraft 48"" x 96"" Racetrack Double Pedestal Table"
Furniture,Chairs,Hon Deluxe Fabric Upholstered Stacking Chairs
Office Supplies,Appliances,"Belkin 325VA UPS Surge Protector, 6'"
Technology,Phones,PowerGen Dual USB Car Charger
Office Supplies,Binders,"Cardinal HOLDit! Binder Insert Strips,Extra Strips"
Furniture,Furnishings,"C-Line Cubicle Keepers Polyproplyene Holder w/Velcro Back, 8-1/2x11, 25/Bx"
Office Supplies,Paper,Xerox 1996
Office Supplies,Storage,Iris Project Case
Office Supplies,Paper,"Geographics Note Cards, Blank, White, 8 1/2"" x 11"""
Office Supplies,Binders,ACCOHIDE Binder by Acco
Office Supplies,Binders,"Avery 3 1/2"" Diskette Storage Pages, 10/Pack"
Office Supplies,Labels,Staple-on labels
Furniture,Chairs,Harbour Creations Steel Folding Chair
Technology,Phones,Wireless Extenders zBoost YX545 SOHO Signal Booster
Office Supplies,Art,"OIC #2 Pencils, Medium Soft"
Technology,Phones,Sannysis Cute Owl Design Soft Skin Case Cover for Samsung Galaxy S4
Office Supplies,Binders,Peel & Stick Add-On Corner Pockets
Office Supplies,Storage,"Carina 42""Hx23 3/4""W Media Storage Unit"
Technology,Phones,Toshiba IPT2010-SD IP Telephone
Furniture,Chairs,GuestStacker Chair with Chrome Finish Legs
Office Supplies,Paper,Xerox 1924
Furniture,Furnishings,Ultra Door Push Plate
Technology,Accessories,Kensington Orbit Wireless Mobile Trackball for PC and Mac
Furniture,Chairs,Global Chrome Stack Chair
Office Supplies,Storage,"Sauder Facets Collection Locker/File Cabinet, Sky Alder Finish"
Office Supplies,Art,Newell 315
Office Supplies,Binders,Pressboard Data Binders by Wilson Jones
Office Supplies,Binders,Wilson Jones Standard D-Ring Binders
Furniture,Furnishings,"Eldon Expressions Punched Metal & Wood Desk Accessories, Pewter & Cherry"
Technology,Phones,Samsung Galaxy Note 2
Technology,Phones,GE DSL Phone Line Filter
Office Supplies,Storage,Carina Media Storage Towers in Natural & Black
Office Supplies,Storage,Fellowes Econo/Stor Drawers
Office Supplies,Art,SANFORD Liquid Accent Tank-Style Highlighters
Office Supplies,Envelopes,"Blue String-Tie & Button Interoffice Envelopes, 10 x 13"
Technology,Copiers,Canon Imageclass D680 Copier / Fax
Furniture,Furnishings,24-Hour Round Wall Clock
Furniture,Furnishings,Eldon Radial Chair Mat for Low to Medium Pile Carpets
Furniture,Furnishings,"Eldon Image Series Desk Accessories, Ebony"
Office Supplies,Art,Sanford 52201 APSCO Electric Pencil Sharpener
Technology,Phones,Samsung Replacement EH64AVFWE Premium Headset
Office Supplies,Binders,GBC DocuBind P100 Manual Binding Machine
Office Supplies,Envelopes,Fashion Color Clasp Envelopes
Furniture,Tables,Hon Non-Folding Utility Tables
Furniture,Bookcases,Bestar Classic Bookcase
Furniture,Chairs,Office Star - Contemporary Swivel Chair with Padded Adjustable Arms and Flex Back
Office Supplies,Art,Sanford Pocket Accent Highlighters
Technology,Phones,Mitel MiVoice 5330e IP Phone
Furniture,Furnishings,Westinghouse Clip-On Gooseneck Lamps
Furniture,Furnishings,Howard Miller Distant Time Traveler Alarm Clock
Office Supplies,Storage,Tennsco Double-Tier Lockers
Technology,Phones,Wilson SignalBoost 841262 DB PRO Amplifier Kit
Office Supplies,Binders,"XtraLife ClearVue Slant-D Ring Binder, White, 3"""
Office Supplies,Art,Pencil and Crayon Sharpener
Office Supplies,Paper,"Ampad Phone Message Book, Recycled, 400 Message Capacity, 5 ¾” x 11”"
Office Supplies,Storage,Fellowes Bankers Box Stor/Drawer Steel Plus
Office Supplies,Binders,"Performers Binder/Pad Holder, Black"
Furniture,Chairs,Office Star Flex Back Scooter Chair with White Frame
Technology,Accessories,Logitech G13 Programmable Gameboard with LCD Display
Office Supplies,Art,Panasonic KP-380BK Classic Electric Pencil Sharpener
Technology,Accessories,Memorex Froggy Flash Drive 4 GB
Technology,Accessories,"Maxell 74 Minute CD-R Spindle, 50/Pack"
Technology,Phones,Geemarc AmpliPOWER60
Office Supplies,Labels,Avery 48
Office Supplies,Binders,Avery Arch Ring Binders
Office Supplies,Paper,Xerox 1915
Office Supplies,Binders,Avery Reinforcements for Hole-Punch Pages
Office Supplies,Art,Colorific Watercolor Pencils
Office Supplies,Art,BIC Liqua Brite Liner
Office Supplies,Binders,"ACCOHIDE 3-Ring Binder, Blue, 1"""
Office Supplies,Paper,Xerox 1973
Office Supplies,Binders,GBC Binding covers
Furniture,Bookcases,Sauder Cornerstone Collection Library
Furniture,Furnishings,"Westinghouse Floor Lamp with Metal Mesh Shade, Black"
Technology,Phones,Blue Parrot B250XT Professional Grade Wireless Bluetooth Headset with
Office Supplies,Appliances,Belkin 6 Outlet Metallic Surge Strip
Furniture,Chairs,Hon Valutask Swivel Chairs
Office Supplies,Labels,Avery 517
Office Supplies,Labels,Avery 477
Office Supplies,Paper,"Eureka Recycled Copy Paper 8 1/2"" x 11"", Ream"
Furniture,Furnishings,"Seth Thomas 12"" Clock w/ Goldtone Case"
Technology,Accessories,Memorex Froggy Flash Drive 8 GB
Office Supplies,Appliances,Acco 6 Outlet Guardian Premium Surge Suppressor
Office Supplies,Paper,Avoid Verbal Orders Carbonless Minifold Book
Office Supplies,Binders,Fellowes Presentation Covers for Comb Binding Machines
Office Supplies,Art,Panasonic KP-310 Heavy-Duty Electric Pencil Sharpener
Office Supplies,Appliances,"Holmes Cool Mist Humidifier for the Whole House with 8-Gallon Output per Day, Extended Life Filter"
Office Supplies,Storage,"SAFCO Commercial Wire Shelving, Black"
Furniture,Furnishings,Tensor Computer Mounted Lamp
Technology,Phones,Polycom SoundPoint IP 450 VoIP phone
Office Supplies,Paper,"Rediform S.O.S. 1-Up Phone Message Bk, 4-1/4x3-1/16 Bk, 1 Form/Pg, 40 Messages/Bk, 3/Pk"
Technology,Machines,Cisco CP-7937G Unified IP Conference Station Phone
Office Supplies,Art,Boston 16701 Slimline Battery Pencil Sharpener
Office Supplies,Labels,Avery 494
Office Supplies,Paper,"Memo Book, 100 Message Capacity, 5 3/8” x 11”"
Office Supplies,Art,Newell 35
Office Supplies,Binders,Wilson Jones 14 Line Acrylic Coated Pressboard Data Binders
Office Supplies,Binders,Avery Non-Stick Heavy Duty View Round Locking Ring Binders
Office Supplies,Storage,Hanging Personal Folder File
Office Supplies,Paper,Xerox 1909
Furniture,Chairs,"Leather Task Chair, Black"
Office Supplies,Paper,"It's Hot Message Books with Stickers, 2 3/4"" x 5"""
Technology,Phones,Digium D40 VoIP phone
Technology,Machines,DYMO CardScan Personal V9 Business Card Scanner
Technology,Accessories,Case Logic 2.4GHz Wireless Keyboard
Technology,Accessories,Logitech Desktop MK120 Mouse and keyboard Combo
Office Supplies,Binders,"Pressboard Data Binder, Crimson, 12"" X 8 1/2"""
Furniture,Tables,"Lesro Round Back Collection Coffee Table, End Table"
Office Supplies,Appliances,Hoover WindTunnel Plus Canister Vacuum
Office Supplies,Paper,Xerox 1934
Office Supplies,Art,Newell 329
Technology,Phones,Panasonic KX T7731-B Digital phone
Office Supplies,Storage,"Safco Wire Cube Shelving System, For Use as 4 or 5 14"" Cubes, Black"
Office Supplies,Paper,White Computer Printout Paper by Universal
Office Supplies,Fasteners,Revere Boxed Rubber Bands by Revere
Furniture,Furnishings,"Eldon 200 Class Desk Accessories, Black"
Office Supplies,Envelopes,Ames Color-File Green Diamond Border X-ray Mailers
Furniture,Tables,"Bevis Oval Conference Table, Walnut"
Furniture,Tables,Hon 61000 Series Interactive Training Tables
Office Supplies,Binders,"Acco PRESSTEX Data Binder with Storage Hooks, Light Blue, 9 1/2"" X 11"""
Office Supplies,Paper,Xerox 217
Furniture,Tables,"Bush Andora Conference Table, Maple/Graphite Gray Finish"
Office Supplies,Paper,Xerox 189
Office Supplies,Art,Panasonic KP-150 Electric Pencil Sharpener
Office Supplies,Binders,GBC Recycled Regency Composition Covers
Furniture,Furnishings,"DAX Executive Solid Wood Document Frame, Desktop or Hang, Mahogany, 5 x 7"
Technology,Phones,ShoreTel ShorePhone IP 230 VoIP phone
Office Supplies,Paper,Petty Cash Envelope
Office Supplies,Appliances,3M Replacement Filter for Office Air Cleaner for 20' x 33' Room
Technology,Phones,Samsung Rugby III
Office Supplies,Binders,"Acco Four Pocket Poly Ring Binder with Label Holder, Smoke, 1"""
Office Supplies,Binders,Canvas Sectional Post Binders
Office Supplies,Paper,Strathmore Photo Mount Cards
Office Supplies,Paper,Xerox 203
Technology,Accessories,Plantronics Audio 995 Wireless Stereo Headset
Office Supplies,Paper,Xerox 1948
Furniture,Chairs,Global Super Steno Chair
Technology,Phones,OtterBox Defender Series Case - Samsung Galaxy S4
Office Supplies,Binders,Wilson Jones Suede Grain Vinyl Binders
Technology,Phones,OtterBox Defender Series Case - iPhone 5c
Office Supplies,Binders,Wilson Jones DublLock D-Ring Binders
Office Supplies,Binders,Surelock Post Binders
Technology,Machines,Hewlett-Packard Deskjet 3050a All-in-One Color Inkjet Printer
Office Supplies,Binders,Ibico Plastic Spiral Binding Combs
Furniture,Tables,"Iceberg OfficeWorks 42"" Round Tables"
Furniture,Furnishings,DAX Wood Document Frame
Office Supplies,Binders,Wilson Jones Heavy-Duty Casebound Ring Binders with Metal Hinges
Furniture,Chairs,Global Executive Mid-Back Manager's Chair
Office Supplies,Paper,Xerox 1946
Office Supplies,Art,Newell 320
Furniture,Furnishings,"Eldon Image Series Desk Accessories, Burgundy"
Office Supplies,Art,Newell 340
